{
    "type": "CoreBlock",
    "name": "重装核心",
    "description": "可以在非强力气压下进行制造，上传等的非通用核心",
    "armor": 2,
    "itemCapacity": 4000,
    "hasItems": true,
    "health": 6000,
    "unitCapModifier": 16,
    "size": 3,
    "breakable": false,//
    "requirements": [
    "安山合金/1500"
    "绯樱石英块/500"
    "碳素/1200"
    "聚酮脂/100"
    ],
    "unitType": "伊卡洛斯",
    "category": "effect",
    "research": {
    "root": true,
    "name": "|西弗兰卡|[#B0E5FFFF]沉浸科技[]|",
    "planet":"西弗兰卡"
    "requiresUnlock": false
  }
    "alwaysUnlocked":true
    
}