{
	"type": "flying",
	"name": "伊卡洛斯",
	//"research":"帝辛特",
	"ammoCapacity": 10,
   // "ammoResupplyAmount":5,
    "speed": 5,
	"flying": true,
	"engineOffset": 7,
	"engineSize": 5,
    "hitSize": 13,
    "accel": 0.04,//加速度
	"drag": 0.017,//摩擦力
	"rotateSpeed": 3.22
    "targetAir":false,
    "health": 700,
    "armor": 1.2,
    "mineSpeed": 3.6,
    "mineTier": 2,
    "buildSpeed": 1.2,
    "rotateSpeed": 4.2,
    "itemCapacity": 80,
   // "commandLimit": 10,
   	"trailLength": 5, 
   	"trailColor": "FFD37FFF",
    	"weapons":[
    {
    "name":"none",
    "shake": 1,
   // "recoil": 5,
	"x":0,"y":0,
	"reload":25,
	"shootSound":"missile",
	"bullet":{
	"damage": 20,
	"sprite":"circle-bullet",  
    "shrinkY":0,
    "recoil": 1.5,
    "frontColor":"FFFFFF",
    "backColor":"c0ecff",
    "splashDamageRadius":18,
	"splashDamage":10,	
    "hitEffect":{
    "type": "WaveEffect",
    "lifetime": 10,
    "sizeFrom": 0,
    "sizeTo": 16,
    "strokeFrom": 0,
    "strokeTo": 3,
    "colorFrom": "FFFFFFFF",
    "colorTo": "FFFFFFFF"
    },
    "shootEffect": {
		"type": "WaveEffect",
		"lifetime": 8,
		"sizeFrom": 1,
		"sizeTo": 13,
		"strokeFrom": 1.3,
		"strokeTo": 0,
		"colorFrom": "ffffff",
		"colorTo": "ffffff"
	},
    "despawnEffect":"none",
	"width": 8,
	"height": 8, 
	"trailLength":2,
    "trailWidth":2,
    "trailColor":"FFFFFFFF",
	"smokeEffect":"blastsmoke",
	"speed": 7,
	"lifetime": 50
	        } 	
	    },
	],
}